,Aged Care,Nearest Hospital,Hopsital Address,Distance (miles)
0,Mercy Place East Melbourne,Eye and Ear on the Park,2 Gordon Place Gordon VIC 3002,0.36
1,Royal Freemasons Coppin Centre,The Alfred,55 Commercial Road Melbourne VIC 3004,0.18
2,"Jewish Care : Residential Homes, Windsor",The Alfred,55 Commercial Road Melbourne VIC 3004,0.74
3,James Barker House,Tweddle Child and Family Health Service,49-71 Adelaide Street Footscray VIC 3011,0.57
4,Royal Freemasons Footscray Aged Care,Orygen Inpatient Unit,10 Mavis Street Footscray VIC 3011,0.33
5,Baptcare Westhaven Community,Tweddle Child and Family Health Service,49-71 Adelaide Street Footscray VIC 3011,0.44
6,Doutta Galla Footscray Aged Care Facility,Tweddle Child and Family Health Service,49-71 Adelaide Street Footscray VIC 3011,0.26
7,Uniting AgeWell Kingsville Community,,,
8,Arcare Maidstone,Orygen Inpatient Unit,10 Mavis Street Footscray VIC 3011,1.13
9,Doutta Galla Yarraville Village Aged Care Facility,Tweddle Child and Family Health Service,49-71 Adelaide Street Footscray VIC 3011,1.15
10,Yarra West Aged Care,Tweddle Child and Family Health Service,49-71 Adelaide Street Footscray VIC 3011,1.31
11,Westgate Aged Care Facility,Williamstown Hospital,76A Railway Crescent Williamstown VIC 3016,1.69
12,Mercy Place Newport,Williamstown Hospital,76A Railway Crescent Williamstown VIC 3016,1.69
13,Wintringham Williamstown Hostel,Williamstown Hospital,76A Railway Crescent Williamstown VIC 3016,0.95
14,Doutta Galla Woornack Aged Care Facility,Sunshine Hospital,176-190 Furlong Road Furlong VIC 3021,1.98
15,Bupa Sunshine,Sunshine Hospital,176-190 Furlong Road Furlong VIC 3021,2.0
16,Benlynne Park PNH,Sunshine Hospital,176-190 Furlong Road Furlong VIC 3021,1.98
17,BlueCross Western Gardens,Sunshine Hospital,176-190 Furlong Road Furlong VIC 3021,1.6
18,VMCH St Bernadette's,Sunshine Hospital,176-190 Furlong Road Furlong VIC 3021,0.56
19,Cumberland Manor,Sunshine Hospital,176-190 Furlong Road Furlong VIC 3021,1.72
20,Fronditha Care St. Albans,Sunshine Hospital,176-190 Furlong Road Furlong VIC 3021,1.09
21,Doutta Galla Grantham Green Aged Care Facility,Sunshine Hospital,176-190 Furlong Road Furlong VIC 3021,0.53
22,Westside Lodge Nursing Home,Sunshine Hospital,176-190 Furlong Road Furlong VIC 3021,0.17
23,St Andrews Hostel,Sunshine Hospital,176-190 Furlong Road Furlong VIC 3021,1.81
24,Estia Health Ardeer,Sunshine Hospital,176-190 Furlong Road Furlong VIC 3021,1.57
25,Mekong Cairnlea Vietnamese Aged Care,Sunshine Hospital,176-190 Furlong Road Furlong VIC 3021,2.14
26,Arcare Burnside,Sunshine Hospital,176-190 Furlong Road Furlong VIC 3021,3.4
27,Uniting AgeWell Manor Lakes Community,,,
28,Marina Residential Aged Care Service,Tweddle Child and Family Health Service,49-71 Adelaide Street Footscray VIC 3011,3.26
29,Florence Aged Care Facility,Williamstown Hospital,76A Railway Crescent Williamstown VIC 3016,3.0
30,Opal Hobsons Bay,Tweddle Child and Family Health Service,49-71 Adelaide Street Footscray VIC 3011,3.54
31,Benetas St George's,Mercy Public Hospitals Inc (Werribee),300-310 Princes Highway Werribee VIC 3030,4.52
32,Estia Health Altona Meadows,Mercy Public Hospitals Inc (Werribee),300-310 Princes Highway Werribee VIC 3030,4.45
33,mecwacare John Atchison Centre,Mercy Public Hospitals Inc (Werribee),300-310 Princes Highway Werribee VIC 3030,2.63
34,Manor Court Werribee Aged Care,Mercy Public Hospitals Inc (Werribee),300-310 Princes Highway Werribee VIC 3030,2.41
35,Glendale Aged Care,Mercy Public Hospitals Inc (Werribee),300-310 Princes Highway Werribee VIC 3030,1.26
36,Mercy Place Wyndham,Mercy Public Hospitals Inc (Werribee),300-310 Princes Highway Werribee VIC 3030,2.7
37,St Vincent's Care Services Werribee,Mercy Public Hospitals Inc (Werribee),300-310 Princes Highway Werribee VIC 3030,0.4
38,Estia Health Werribee,Mercy Public Hospitals Inc (Werribee),300-310 Princes Highway Werribee VIC 3030,2.43
39,Homestyle Point Cook Manor,Mercy Public Hospitals Inc (Werribee),300-310 Princes Highway Werribee VIC 3030,1.51
40,Baptcare Wyndham Lodge Community,Mercy Public Hospitals Inc (Werribee),300-310 Princes Highway Werribee VIC 3030,2.07
41,Royal Freemasons Gregory Lodge,"Royal Children's Hospital, The",50 Flemington Road Parkville VIC 3052,1.28
42,Doutta Galla Lynch's Bridge Aged Care Facility,"Royal Children's Hospital, The",50 Flemington Road Parkville VIC 3052,1.26
43,Wintringham McLean Lodge Hostel,"Royal Children's Hospital, The",50 Flemington Road Parkville VIC 3052,1.69
44,Victorian Elderly Chinese Hostel,Orygen Inpatient Unit,10 Mavis Street Footscray VIC 3011,1.6
45,Cyril Jewell House,Sunshine Hospital,176-190 Furlong Road Furlong VIC 3021,2.87
46,Mekong Vietnamese Aged Care,Sunshine Hospital,176-190 Furlong Road Furlong VIC 3021,2.78
47,Holloway Aged Care Services,Sunshine Hospital,176-190 Furlong Road Furlong VIC 3021,2.63
48,Edenvale Manor Aged Care Facility,Sunshine Hospital,176-190 Furlong Road Furlong VIC 3021,2.66
49,Doutta Galla Avondale Heights Aged Care Facility,Sunshine Hospital,176-190 Furlong Road Furlong VIC 3021,2.52
50,Embracia Moonee Valley,Sunshine Hospital,176-190 Furlong Road Furlong VIC 3021,2.52
51,BlueCross Riverlea,Sunshine Hospital,176-190 Furlong Road Furlong VIC 3021,2.34
52,Wintringham Ron Conn Nursing Home,Orygen Inpatient Unit,10 Mavis Street Footscray VIC 3011,2.35
53,Kalyna Care,Sunshine Hospital,176-190 Furlong Road Furlong VIC 3021,3.39
54,Royal Freemasons Springtime-Sydenham,Sunshine Hospital,176-190 Furlong Road Furlong VIC 3021,5.96
55,Water Gardens,Sunshine Hospital,176-190 Furlong Road Furlong VIC 3021,4.91
56,Arcare Hillside,Sunshine Hospital,176-190 Furlong Road Furlong VIC 3021,5.07
57,Arcare Sydenham,Sunshine Hospital,176-190 Furlong Road Furlong VIC 3021,5.13
58,Rosary Home,Sunshine Hospital,176-190 Furlong Road Furlong VIC 3021,2.96
59,Estia Health Keilor,Sunshine Hospital,176-190 Furlong Road Furlong VIC 3021,3.58
60,Doutta Galla Queens Park Aged Care Facility,Royal Melbourne Hospital (Royal Park Campus),34-56 Poplar Road Parkville VIC 3052,1.82
61,CraigCare Moonee Ponds,Royal Melbourne Hospital (Royal Park Campus),34-56 Poplar Road Parkville VIC 3052,1.81
62,Menarock LIFE Essendon,Royal Melbourne Hospital (Royal Park Campus),34-56 Poplar Road Parkville VIC 3052,2.24
63,Trevi Court Aged Care,Royal Melbourne Hospital (Royal Park Campus),34-56 Poplar Road Parkville VIC 3052,3.22
64,Churches of Christ Care Arcadia Aged Care Service,Royal Melbourne Hospital (Royal Park Campus),34-56 Poplar Road Parkville VIC 3052,3.42
65,North Western District Private Nursing Home,Broadmeadows Health Service,35-57 Johnstone Street Jacana VIC 3047,1.37
66,Dorothy Impey Home,Royal Melbourne Hospital (Royal Park Campus),34-56 Poplar Road Parkville VIC 3052,2.95
67,Edith Bendall Lodge,Broadmeadows Health Service,35-57 Johnstone Street Jacana VIC 3047,3.24
68,CraigCare Pascoe Vale,Broadmeadows Health Service,35-57 Johnstone Street Jacana VIC 3047,2.68
69,Glenlyn Aged Care Facility,Broadmeadows Health Service,35-57 Johnstone Street Jacana VIC 3047,1.31
70,BlueCross Monterey,Broadmeadows Health Service,35-57 Johnstone Street Jacana VIC 3047,0.92
71,Villa Del Sole,Broadmeadows Health Service,35-57 Johnstone Street Jacana VIC 3047,1.62
72,Benetas Colton Close,Broadmeadows Health Service,35-57 Johnstone Street Jacana VIC 3047,1.45
73,BlueCross Glengowrie,Broadmeadows Health Service,35-57 Johnstone Street Jacana VIC 3047,2.47
74,CraigCare Plumpton Villa,Broadmeadows Health Service,35-57 Johnstone Street Jacana VIC 3047,1.75
75,Ottoman Village Aged Care,Broadmeadows Health Service,35-57 Johnstone Street Jacana VIC 3047,0.65
76,McLellan House Hostel,Broadmeadows Health Service,35-57 Johnstone Street Jacana VIC 3047,0.14
77,Opal Roxburgh,Broadmeadows Health Service,35-57 Johnstone Street Jacana VIC 3047,2.41
78,Estia Health Coolaroo,Broadmeadows Health Service,35-57 Johnstone Street Jacana VIC 3047,2.09
79,Baptcare Brookview Community,Broadmeadows Health Service,35-57 Johnstone Street Jacana VIC 3047,0.73
80,mecwacare Vincent House,Broadmeadows Health Service,35-57 Johnstone Street Jacana VIC 3047,0.94
81,Elderly Chinese Home,"Royal Children's Hospital, The",50 Flemington Road Parkville VIC 3052,0.61
82,Mercy Place Parkville,,,
83,Australian Unity Rathdowne Place Aged Care,,,
84,Benetas Gladswood Lodge,Royal Melbourne Hospital (Royal Park Campus),34-56 Poplar Road Parkville VIC 3052,1.49
85,Aurrum Brunswick,Royal Melbourne Hospital (Royal Park Campus),34-56 Poplar Road Parkville VIC 3052,1.37
86,Hope Aged Care,Royal Melbourne Hospital (Royal Park Campus),34-56 Poplar Road Parkville VIC 3052,1.12
87,Boyne Russell House,Royal Melbourne Hospital (Royal Park Campus),34-56 Poplar Road Parkville VIC 3052,1.02
88,Northern Gardens Aged Care,Royal Melbourne Hospital (Royal Park Campus),34-56 Poplar Road Parkville VIC 3052,1.76
89,Bupa Coburg,Royal Melbourne Hospital (Royal Park Campus),34-56 Poplar Road Parkville VIC 3052,2.8
90,Wintringham Gilgunya Village,Royal Melbourne Hospital (Royal Park Campus),34-56 Poplar Road Parkville VIC 3052,2.47
91,Anzac Lodge Nursing Home,Broadmeadows Health Service,35-57 Johnstone Street Jacana VIC 3047,3.88
92,Corpus Christi Community Greenvale Incorporated,Craigieburn Health Service,274-304 Craigieburn Road Craigieburn VIC 3064,3.59
93,St Basil's Homes for the Aged in Victoria,Broadmeadows Health Service,35-57 Johnstone Street Jacana VIC 3047,3.57
94,Regis Fawkner,Broadmeadows Health Service,35-57 Johnstone Street Jacana VIC 3047,3.28
95,Moran Roxburgh Park,Craigieburn Health Service,274-304 Craigieburn Road Craigieburn VIC 3064,1.78
96,Arcare Craigieburn,Craigieburn Health Service,274-304 Craigieburn Road Craigieburn VIC 3064,1.35
97,Cambridge House,Royal Victorian Eye and Ear Hospital,32 Gisborne Street Gisborne VIC 3002,0.57
98,Mercy Place Abbotsford,Caritas Christi Hospice Ltd,104 Kooyong Road Kew VIC 3101,0.78
99,BSL Aged Care - Clifton Hill,St Vincent's Hospital,41 Victoria Parade Fitzroy VIC 3065,1.38
100,Clifton Views,,,
101,BlueCross Westgarth,Royal Talbot Rehabilitation Centre,1 Yarra Boulevard Kew VIC 3101,1.25
102,Little Sisters of the Poor St Joseph's Home,Royal Talbot Rehabilitation Centre,1 Yarra Boulevard Kew VIC 3101,2.12
103,BlueCross Ruckers Hill,Royal Talbot Rehabilitation Centre,1 Yarra Boulevard Kew VIC 3101,1.61
104,Medina Manor Aged Care,Royal Talbot Rehabilitation Centre,1 Yarra Boulevard Kew VIC 3101,2.66
105,Fronditha Care Thornbury,Heidelberg Repatriation Hospital,300 Waterdale Road Waterdale VIC 3081,1.47
106,St Paul's Hostel for the Elderly,Royal Melbourne Hospital (Royal Park Campus),34-56 Poplar Road Parkville VIC 3052,2.54
107,BlueCross Hilltop,Heidelberg Repatriation Hospital,300 Waterdale Road Waterdale VIC 3081,2.3
108,The Ashley Aged Care,Bundoora Extended Care Centre,1231 Plenty Road Bundoora VIC 3083,3.1
109,Arcare Reservoir,Bundoora Extended Care Centre,1231 Plenty Road Bundoora VIC 3083,2.07
110,Twin Parks Private Hostel,Heidelberg Repatriation Hospital,300 Waterdale Road Waterdale VIC 3081,2.01
111,Mayflower Reservoir,Bundoora Extended Care Centre,1231 Plenty Road Bundoora VIC 3083,2.98
112,Aurrum Reservoir,Bundoora Extended Care Centre,1231 Plenty Road Bundoora VIC 3083,2.02
113,Embracia Reservoir,Bundoora Extended Care Centre,1231 Plenty Road Bundoora VIC 3083,2.62
114,Mercy Place Keon Park,Bundoora Extended Care Centre,1231 Plenty Road Bundoora VIC 3083,1.81
115,Twin Parks Aged Care Centre,Heidelberg Repatriation Hospital,300 Waterdale Road Waterdale VIC 3081,2.01
116,Bupa Thomastown,Bundoora Extended Care Centre,1231 Plenty Road Bundoora VIC 3083,1.87
117,Baptcare Wattle Grove Community,The Northern Hospital,185 Cooper Street Epping VIC 3076,1.25
118,Estia Health Epping Vic,The Northern Hospital,185 Cooper Street Epping VIC 3076,1.21
119,Epping Gardens,The Northern Hospital,185 Cooper Street Epping VIC 3076,0.67
120,Opal Meadowglen,The Northern Hospital,185 Cooper Street Epping VIC 3076,1.02
121,Grace Of Mary Greek Cypriot Elderly Hostel,The Northern Hospital,185 Cooper Street Epping VIC 3076,1.02
122,Homestyle Green Gables,The Northern Hospital,185 Cooper Street Epping VIC 3076,0.59
123,Arcare Epping,The Northern Hospital,185 Cooper Street Epping VIC 3076,2.76
124,Alphington Aged Care,Royal Talbot Rehabilitation Centre,1 Yarra Boulevard Kew VIC 3101,0.9
125,"Vasey RSL Care, Ivanhoe",Heidelberg Repatriation Hospital,300 Waterdale Road Waterdale VIC 3081,0.16
126,BlueCross Ivanhoe,Heidelberg Repatriation Hospital,300 Waterdale Road Waterdale VIC 3081,0.87
127,Estia Health Heidelberg,Heidelberg Repatriation Hospital,300 Waterdale Road Waterdale VIC 3081,1.43
128,BlueCross The Boulevard,Bundoora Extended Care Centre,1231 Plenty Road Bundoora VIC 3083,3.35
129,Bethel Aged Care,Bundoora Extended Care Centre,1231 Plenty Road Bundoora VIC 3083,2.31
130,Merv Irvine Nursing Home,Bundoora Extended Care Centre,1231 Plenty Road Bundoora VIC 3083,0.05
131,"Vasey RSL Care, Bundoora",Bundoora Extended Care Centre,1231 Plenty Road Bundoora VIC 3083,0.09
132,VMCH Bundoora,Bundoora Extended Care Centre,1231 Plenty Road Bundoora VIC 3083,0.78
133,Rosanna Views Residential Aged Care Facility,Mercy Hospital for Women,163 Studley Road Heidelberg VIC 3084,1.54
134,Benetas The Views at Heidelberg,Mercy Hospital for Women,163 Studley Road Heidelberg VIC 3084,0.68
135,Assisi Aged Care,Mercy Hospital for Women,163 Studley Road Heidelberg VIC 3084,1.29
136,BlueCross Clevedon Terrace,Mercy Hospital for Women,163 Studley Road Heidelberg VIC 3084,0.66
137,Regis Macleod,Bundoora Extended Care Centre,1231 Plenty Road Bundoora VIC 3083,1.75
138,Baptcare Strathalan Community,,,
139,Liscombe House,Bundoora Extended Care Centre,1231 Plenty Road Bundoora VIC 3083,4.17
140,Trinity Manor Greensborough,Bundoora Extended Care Centre,1231 Plenty Road Bundoora VIC 3083,2.89
141,Bupa Greensborough,Bundoora Extended Care Centre,1231 Plenty Road Bundoora VIC 3083,2.89
142,Grace Villa Aged Care,Bundoora Extended Care Centre,1231 Plenty Road Bundoora VIC 3083,2.34
143,Deloraine Private Nursing Home,Bundoora Extended Care Centre,1231 Plenty Road Bundoora VIC 3083,2.18
144,Kerala Manor,,,
145,Aurrum Plenty,Bundoora Extended Care Centre,1231 Plenty Road Bundoora VIC 3083,4.19
146,Lower Plenty Garden Views,Mercy Hospital for Women,163 Studley Road Heidelberg VIC 3084,4.2
147,St Vincent's Care Services Eltham,Bundoora Extended Care Centre,1231 Plenty Road Bundoora VIC 3083,5.16
148,Estia Health Wattle Glen,Bundoora Extended Care Centre,1231 Plenty Road Bundoora VIC 3083,8.28
149,Kew Gardens Aged Care,Caritas Christi Hospice Ltd,104 Kooyong Road Kew VIC 3101,0.95
150,BlueCross Highgrove,Caritas Christi Hospice Ltd,104 Kooyong Road Kew VIC 3101,0.79
151,Prague House,Caritas Christi Hospice Ltd,104 Kooyong Road Kew VIC 3101,0.97
152,Baptcare Karana Community,Caritas Christi Hospice Ltd,104 Kooyong Road Kew VIC 3101,0.92
153,Mary Guthrie House Nursing Home,Caritas Christi Hospice Ltd,104 Kooyong Road Kew VIC 3101,0.41
154,VMCH St Catherine's,Box Hill Hospital,8 Arnold Street Arnold VIC 3128,1.4
155,VMCH Justin Villa,Box Hill Hospital,8 Arnold Street Arnold VIC 3128,1.36
156,Trinity Manor,,,
157,Eva Tilley Memorial Home,St George's Health Service (Aged Care),283 Cotham Road Kew VIC 3101,1.44
158,Newmans on the Park Aged Care,Box Hill Hospital,8 Arnold Street Arnold VIC 3128,4.51
159,Charlesbrook Aged Care,Box Hill Hospital,8 Arnold Street Arnold VIC 3128,4.59
160,Arcare Templestowe,Box Hill Hospital,8 Arnold Street Arnold VIC 3128,3.2
161,Menarock LIFE Templestowe (Willowbrae),Box Hill Hospital,8 Arnold Street Arnold VIC 3128,4.39
162,Emerald Terrace Aged Care,Box Hill Hospital,8 Arnold Street Arnold VIC 3128,3.96
163,Bupa Templestowe,Box Hill Hospital,8 Arnold Street Arnold VIC 3128,3.73
164,BlueCross Silverwood,Box Hill Hospital,8 Arnold Street Arnold VIC 3128,4.39
165,Templestowe Manor,Mercy Hospital for Women,163 Studley Road Heidelberg VIC 3084,2.73
166,Fronditha Care Templestowe,Mercy Hospital for Women,163 Studley Road Heidelberg VIC 3084,3.03
167,Mercy Place Templestowe,Mercy Hospital for Women,163 Studley Road Heidelberg VIC 3084,3.36
168,Menarock LIFE Lower Templestowe (Emmavale),Box Hill Hospital,8 Arnold Street Arnold VIC 3128,2.8
169,BlueCross Ashby,Mercy Hospital for Women,163 Studley Road Heidelberg VIC 3084,3.26
170,MannaCare Cassia House,Box Hill Hospital,8 Arnold Street Arnold VIC 3128,2.36
171,MannaCare Doncaster Melaleuca Lodge,Box Hill Hospital,8 Arnold Street Arnold VIC 3128,2.36
172,Millward,Box Hill Hospital,8 Arnold Street Arnold VIC 3128,3.46
173,Baptcare The Orchards Community,Box Hill Hospital,8 Arnold Street Arnold VIC 3128,4.36
174,CCSSCI - On Luck Chinese Nursing Home,Maroondah Hospital,1-15 Davey Drive Davey VIC 3135,4.16
175,The Heights Donvale,Box Hill Hospital,8 Arnold Street Arnold VIC 3128,3.53
176,Bupa Donvale,,,
177,Greenview Aged Care,Box Hill Hospital,8 Arnold Street Arnold VIC 3128,3.53
178,Riverside House,Caritas Christi Hospice Ltd,104 Kooyong Road Kew VIC 3101,0.69
179,mecwacare Rositano House,Eye and Ear on the Park,2 Gordon Place Gordon VIC 3002,1.31
180,Uniting AgeWell Hawthorn Community,Caritas Christi Hospice Ltd,104 Kooyong Road Kew VIC 3101,1.59
181,St Vincent's Care Services Hawthorn,O'Connell Family Centre,6 Katamatite-nathalia Road Canterbury VIC 3126,1.17
182,Auburn House,O'Connell Family Centre,6 Katamatite-nathalia Road Canterbury VIC 3126,0.93
183,Benetas Broughton Hall,O'Connell Family Centre,6 Katamatite-nathalia Road Canterbury VIC 3126,0.48
184,Baptcare Hedley Sutton Community,O'Connell Family Centre,6 Katamatite-nathalia Road Canterbury VIC 3126,0.48
185,Lynden Aged Care,O'Connell Family Centre,6 Katamatite-nathalia Road Canterbury VIC 3126,2.19
186,Regis Shenley Manor,O'Connell Family Centre,6 Katamatite-nathalia Road Canterbury VIC 3126,1.86
187,"Uniting AgeWell Camberwell Community, Tanderra",O'Connell Family Centre,6 Katamatite-nathalia Road Canterbury VIC 3126,1.86
188,"Uniting AgeWell Camberwell Community, Condare Court",Box Hill Hospital,8 Arnold Street Arnold VIC 3128,2.4
189,Nazareth House Camberwell,O'Connell Family Centre,6 Katamatite-nathalia Road Canterbury VIC 3126,2.19
190,BlueCross The Gables,O'Connell Family Centre,6 Katamatite-nathalia Road Canterbury VIC 3126,1.08
191,Camberwell Green,O'Connell Family Centre,6 Katamatite-nathalia Road Canterbury VIC 3126,1.83
192,Menarock LIFE Camberwell,O'Connell Family Centre,6 Katamatite-nathalia Road Canterbury VIC 3126,2.19
193,Royal Freemasons Elizabeth Gardens Hostel,Box Hill Hospital,8 Arnold Street Arnold VIC 3128,3.2
194,Trinity Manor Burwood,Box Hill Hospital,8 Arnold Street Arnold VIC 3128,2.7
195,Royal Freemasons Elizabeth Gardens,Box Hill Hospital,8 Arnold Street Arnold VIC 3128,3.2
196,Highwood Court Aged Care,Box Hill Hospital,8 Arnold Street Arnold VIC 3128,2.99
197,BlueCross The Mews,O'Connell Family Centre,6 Katamatite-nathalia Road Canterbury VIC 3126,0.79
198,Faversham House,O'Connell Family Centre,6 Katamatite-nathalia Road Canterbury VIC 3126,1.32
199,BlueCross Broughtonlea,Box Hill Hospital,8 Arnold Street Arnold VIC 3128,1.35
200,Arcare Surrey Hills,Box Hill Hospital,8 Arnold Street Arnold VIC 3128,1.38
201,Uniting AgeWell Box Hill Community,Box Hill Hospital,8 Arnold Street Arnold VIC 3128,0.26
202,BlueCross Box Hill,Box Hill Hospital,8 Arnold Street Arnold VIC 3128,0.74
203,mecwacare Simon Price Centre,Box Hill Hospital,8 Arnold Street Arnold VIC 3128,0.65
204,Regis Milpara Lodge,Box Hill Hospital,8 Arnold Street Arnold VIC 3128,1.5
205,Regis Blackburn,Box Hill Hospital,8 Arnold Street Arnold VIC 3128,1.96
206,AdventCare Whitehorse,"Peter James Centre, The",321-345 Burwood Highway Burwood VIC 3131,1.92
207,Uniting AgeWell Strathdon Community,"Peter James Centre, The",321-345 Burwood Highway Burwood VIC 3131,0.85
208,Australian Unity Victoria Grange Aged Care,"Peter James Centre, The",321-345 Burwood Highway Burwood VIC 3131,1.21
209,Vermont Aged Care,"Peter James Centre, The",321-345 Burwood Highway Burwood VIC 3131,1.68
210,BlueCross Livingstone Gardens,"Peter James Centre, The",321-345 Burwood Highway Burwood VIC 3131,0.9
211,Regis Ringwood,Maroondah Hospital,1-15 Davey Drive Davey VIC 3135,0.86
212,Opal Gracedale,Maroondah Hospital,1-15 Davey Drive Davey VIC 3135,1.23
213,Olivet Care,Maroondah Hospital,1-15 Davey Drive Davey VIC 3135,0.86
214,Estia Health Ringwood - Waldreas Village,Wantirna Health,251 Mountain Highway Wantirna VIC 3152,1.68
215,Della dale Aged Care,Maroondah Hospital,1-15 Davey Drive Davey VIC 3135,1.35
216,Menarock LIFE Heathmont,Wantirna Health,251 Mountain Highway Wantirna VIC 3152,1.59
217,Lionsbrae,Maroondah Hospital,1-15 Davey Drive Davey VIC 3135,0.31
218,BlueCross Tarralla,Maroondah Hospital,1-15 Davey Drive Davey VIC 3135,1.98
219,Aveo Mingarra Aged Care Community,Maroondah Hospital,1-15 Davey Drive Davey VIC 3135,1.63
220,Diana Street Lodge,Maroondah Hospital,1-15 Davey Drive Davey VIC 3135,0.56
221,Bupa Croydon,Maroondah Hospital,1-15 Davey Drive Davey VIC 3135,2.26
222,Park Lane Croydon,Maroondah Hospital,1-15 Davey Drive Davey VIC 3135,2.26
223,Kirkbrae Residential Care,Maroondah Hospital,1-15 Davey Drive Davey VIC 3135,3.02
224,MiCare - Margriet Manor,Maroondah Hospital,1-15 Davey Drive Davey VIC 3135,3.02
225,MiCare - Overbeek Lodge,Maroondah Hospital,1-15 Davey Drive Davey VIC 3135,3.02
226,Mooroolbark Aged Persons Mental Health Residential Care Facility,Yarra Ranges Health,25 Market Street Lilydale VIC 3140,3.17
227,Benetas St John's Park,Yarra Ranges Health,25 Market Street Lilydale VIC 3140,2.92
228,BlueCross Baradine,Yarra Ranges Health,25 Market Street Lilydale VIC 3140,2.5
229,Lilydale Aged Care,Yarra Ranges Health,25 Market Street Lilydale VIC 3140,0.4
230,BlueCross Darnlee,The Alfred,55 Commercial Road Melbourne VIC 3004,1.96
231,Regis Armadale,Caulfield General Medical Centre,260 Kooyong Road Caulfield VIC 3162,1.48
232,mecwacare Malvern Centre,Caulfield General Medical Centre,260 Kooyong Road Caulfield VIC 3162,2.42
233,Regis East Malvern,Caulfield General Medical Centre,260 Kooyong Road Caulfield VIC 3162,2.44
234,Arcare Parkview Malvern East,Caulfield General Medical Centre,260 Kooyong Road Caulfield VIC 3162,1.59
235,Arcare Nirvana Avenue,Caulfield General Medical Centre,260 Kooyong Road Caulfield VIC 3162,2.44
236,Arcare Malvern East,,,
237,BlueCross Cresthaven,Caulfield General Medical Centre,260 Kooyong Road Caulfield VIC 3162,2.44
238,mecwacare Noel Miller Centre,Caulfield General Medical Centre,260 Kooyong Road Caulfield VIC 3162,2.42
239,Samarinda Ashburton Aged Services Inc,O'Connell Family Centre,6 Katamatite-nathalia Road Canterbury VIC 3126,3.57
240,Grand Cedar,O'Connell Family Centre,6 Katamatite-nathalia Road Canterbury VIC 3126,3.81
241,Cabrini Residential Care-Ashwood,"Peter James Centre, The",321-345 Burwood Highway Burwood VIC 3131,3.75
242,BlueCross Scotchmans Creek,,,
243,Japara The Regent,"Peter James Centre, The",321-345 Burwood Highway Burwood VIC 3131,2.54
244,Waverley Valley Aged Care,"Peter James Centre, The",321-345 Burwood Highway Burwood VIC 3131,1.23
245,Nellie Melba Retirement Village,Monash Medical Centre (Clayton),246 Clayton Road Clayton VIC 3168,2.58
246,Weary Dunlop Retirement Village,Monash Medical Centre (Clayton),246 Clayton Road Clayton VIC 3168,3.66
247,Australian Unity Campbell Place Aged Care,"Peter James Centre, The",321-345 Burwood Highway Burwood VIC 3131,1.86
248,Cumberland View Aged Care Living - Whalley Drive,Monash Medical Centre (Clayton),246 Clayton Road Clayton VIC 3168,3.7
249,Estia Health Glen Waverley,"Peter James Centre, The",321-345 Burwood Highway Burwood VIC 3131,1.87
250,Lifeview The Willows,"Peter James Centre, The",321-345 Burwood Highway Burwood VIC 3131,3.35
251,The Highbury,"Peter James Centre, The",321-345 Burwood Highway Burwood VIC 3131,0.82
252,Menarock LIFE Glen Waverley,"Peter James Centre, The",321-345 Burwood Highway Burwood VIC 3131,2.15
253,Northside Aged Persons Mental Health Residential Care Facility,"Peter James Centre, The",321-345 Burwood Highway Burwood VIC 3131,0.67
254,Royal Freemasons Centennial Lodge,Wantirna Health,251 Mountain Highway Wantirna VIC 3152,1.62
255,Arpad Aged Care,Wantirna Health,251 Mountain Highway Wantirna VIC 3152,0.17
256,Arcare Knox,Wantirna Health,251 Mountain Highway Wantirna VIC 3152,1.47
257,VMCH Wantirna,Wantirna Health,251 Mountain Highway Wantirna VIC 3152,1.63
258,Opal Salford Park,Wantirna Health,251 Mountain Highway Wantirna VIC 3152,0.49
259,Latvian Aged Care Facility,Wantirna Health,251 Mountain Highway Wantirna VIC 3152,2.04
260,Homestyle Clarendon Grange,Wantirna Health,251 Mountain Highway Wantirna VIC 3152,1.0
261,Polish Retirement Home,Wantirna Health,251 Mountain Highway Wantirna VIC 3152,2.58
262,Homestyle Ferndale Gardens,Maroondah Hospital,1-15 Davey Drive Davey VIC 3135,2.14
263,Tabulam & Templer Home for the Aged,Wantirna Health,251 Mountain Highway Wantirna VIC 3152,2.15
264,Heritage Gardens,Maroondah Hospital,1-15 Davey Drive Davey VIC 3135,1.91
265,Martin Luther Homes,,,
266,Clovelly Cottage,Angliss Hospital,39 Albert Street Albert VIC 3156,3.39
267,Mercy Place Boronia,Angliss Hospital,39 Albert Street Albert VIC 3156,2.85
268,Boronia Residential Aged Care,Wantirna Health,251 Mountain Highway Wantirna VIC 3152,3.22
269,Menarock LIFE Upper Ferntree Gully (Sherbrooke),Angliss Hospital,39 Albert Street Albert VIC 3156,0.88
270,Glengollan Village,Angliss Hospital,39 Albert Street Albert VIC 3156,1.82
271,Edward Street Nursing Home,Angliss Hospital,39 Albert Street Albert VIC 3156,0.23
272,Isomer Retirement Home,Angliss Hospital,39 Albert Street Albert VIC 3156,3.1
273,VMCH Willowbrooke,Angliss Hospital,39 Albert Street Albert VIC 3156,0.65
274,BlueCross Sheridan Hall Caulfield,Caulfield General Medical Centre,260 Kooyong Road Caulfield VIC 3162,0.65
275,Benetas Lovell House,Caulfield General Medical Centre,260 Kooyong Road Caulfield VIC 3162,1.23
276,Emmy Monash Aged Care,Caulfield General Medical Centre,260 Kooyong Road Caulfield VIC 3162,1.36
277,Arcare Caulfield,Caulfield General Medical Centre,260 Kooyong Road Caulfield VIC 3162,0.72
278,mecwacare Jubilee House,Caulfield General Medical Centre,260 Kooyong Road Caulfield VIC 3162,0.65
279,Bupa Caulfield,,,
280,HammondCare - Caulfield Village,Caulfield General Medical Centre,260 Kooyong Road Caulfield VIC 3162,0.0
281,HammondCare - The Glens,Calvary Health Care Bethlehem,476-482 Kooyong Road Kooyong VIC 3162,0.29
282,Melbourne Hebrew Memorial Nursing Home (Gary Smorgon House) - Jewish Care (VIC),Caulfield General Medical Centre,260 Kooyong Road Caulfield VIC 3162,0.79
283,Rosstown Community,,,
284,Arcare Carnegie,Monash Medical Centre (Moorabbin),823-865 Centre Road Centre VIC 3165,1.59
285,Spurway Community,Monash Medical Centre (Moorabbin),823-865 Centre Road Centre VIC 3165,1.88
286,Brimlea Aged Care,Monash Medical Centre (Moorabbin),823-865 Centre Road Centre VIC 3165,2.11
287,Warrawee Community,Monash Medical Centre (Moorabbin),823-865 Centre Road Centre VIC 3165,0.59
288,Mooraleigh Hostel,Monash Medical Centre (Moorabbin),823-865 Centre Road Centre VIC 3165,0.77
289,Oaklea Hall Aged Care,,,
290,Estia Health Oakleigh East,Monash Medical Centre (Clayton),246 Clayton Road Clayton VIC 3168,1.65
291,Churches of Christ Care Oak Towers Aged Care Service,Monash Medical Centre (Moorabbin),823-865 Centre Road Centre VIC 3165,2.12
292,BlueCross Oakleigh,Monash Medical Centre (Moorabbin),823-865 Centre Road Centre VIC 3165,1.22
293,Bupa Clayton,Monash Medical Centre (Clayton),246 Clayton Road Clayton VIC 3168,0.59
294,VMCH Corpus Christi,Monash Medical Centre (Clayton),246 Clayton Road Clayton VIC 3168,0.47
295,The Alexander Aged Care Centre,Monash Medical Centre (Clayton),246 Clayton Road Clayton VIC 3168,1.03
296,Clarinda Manor Aged Care,Monash Medical Centre (Clayton),246 Clayton Road Clayton VIC 3168,1.17
297,Fronditha Care Clayton,Monash Medical Centre (Clayton),246 Clayton Road Clayton VIC 3168,1.48
298,BlueCross Hansworth,"Queen Elizabeth Centre, The",37-53 Thomas Street Thomas VIC 3174,2.86
299,Royal Freemasons Monash Gardens,Monash Medical Centre (Clayton),246 Clayton Road Clayton VIC 3168,3.14
300,VMCH John R Hannah,Monash Medical Centre (Clayton),246 Clayton Road Clayton VIC 3168,2.09
301,Lexington Gardens Aged Care,Monash Medical Centre (Clayton),246 Clayton Road Clayton VIC 3168,2.21
302,Springvale Private Nursing Home,"Queen Elizabeth Centre, The",37-53 Thomas Street Thomas VIC 3174,2.12
303,Greenwood Manor (Outlet),"Queen Elizabeth Centre, The",37-53 Thomas Street Thomas VIC 3174,2.69
304,Mercy Place Springvale,"Queen Elizabeth Centre, The",37-53 Thomas Street Thomas VIC 3174,1.75
305,Kingston Gardens,,,
306,Arcare Keysborough,"Queen Elizabeth Centre, The",37-53 Thomas Street Thomas VIC 3174,2.32
307,Estia Health Keysborough,"Queen Elizabeth Centre, The",37-53 Thomas Street Thomas VIC 3174,1.66
308,Noble Gardens Residential Aged Care,"Queen Elizabeth Centre, The",37-53 Thomas Street Thomas VIC 3174,0.08
309,Yarraman Nursing Home,"Queen Elizabeth Centre, The",37-53 Thomas Street Thomas VIC 3174,0.39
310,Royal Freemasons Darvall Lodge,"Queen Elizabeth Centre, The",37-53 Thomas Street Thomas VIC 3174,1.5
311,Uniting AgeWell Noble Park Community,"Queen Elizabeth Centre, The",37-53 Thomas Street Thomas VIC 3174,0.78
312,Belvedere Aged Care,"Queen Elizabeth Centre, The",37-53 Thomas Street Thomas VIC 3174,0.74
313,Noble Manor Residential Aged Care,"Queen Elizabeth Centre, The",37-53 Thomas Street Thomas VIC 3174,0.4
314,Estia Health Dandenong,Dandenong Hospital,135 David Street Dandenong VIC 3175,0.46
315,Mercy Place Dandenong,Dandenong Hospital,135 David Street Dandenong VIC 3175,0.81
316,Outlook Gardens Aged Care,Dandenong Hospital,135 David Street Dandenong VIC 3175,2.71
317,Regis Dandenong North,"Queen Elizabeth Centre, The",37-53 Thomas Street Thomas VIC 3174,1.69
318,Wintringham Eunice Seddon Home,Dandenong Hospital,135 David Street Dandenong VIC 3175,0.88
319,Scottvale Aged Care,Dandenong Hospital,135 David Street Dandenong VIC 3175,0.95
320,Chestnut Gardens Aged Care Home,Dandenong Hospital,135 David Street Dandenong VIC 3175,1.49
321,Homestyle Rowville Manor,Dandenong Hospital,135 David Street Dandenong VIC 3175,3.9
322,Estia Health Knoxfield,Wantirna Health,251 Mountain Highway Wantirna VIC 3152,2.57
323,Estia Health Prahran,The Alfred,55 Commercial Road Melbourne VIC 3004,1.05
324,Bupa Windsor,The Alfred,55 Commercial Road Melbourne VIC 3004,0.55
325,mecwacare Trescowthick Centre,The Alfred,55 Commercial Road Melbourne VIC 3004,0.47
326,Chomley House,The Alfred,55 Commercial Road Melbourne VIC 3004,1.5
327,Central Park,The Alfred,55 Commercial Road Melbourne VIC 3004,0.37
328,Sacred Heart Community,The Alfred,55 Commercial Road Melbourne VIC 3004,1.48
329,Graceland Manor,,,
330,Victoria By The Park,Caulfield General Medical Centre,260 Kooyong Road Caulfield VIC 3162,0.49
331,BlueCross Sheridan Hall Brighton,Calvary Health Care Bethlehem,476-482 Kooyong Road Kooyong VIC 3162,0.95
332,Arcare Brighton,Calvary Health Care Bethlehem,476-482 Kooyong Road Kooyong VIC 3162,1.01
333,"Vasey RSL Care, Brighton",Calvary Health Care Bethlehem,476-482 Kooyong Road Kooyong VIC 3162,0.92
334,Elanora Residential Care,Calvary Health Care Bethlehem,476-482 Kooyong Road Kooyong VIC 3162,2.5
335,Regis Brighton,Calvary Health Care Bethlehem,476-482 Kooyong Road Kooyong VIC 3162,0.89
336,Montclaire Aged Care,Calvary Health Care Bethlehem,476-482 Kooyong Road Kooyong VIC 3162,0.64
337,Princeton View,Calvary Health Care Bethlehem,476-482 Kooyong Road Kooyong VIC 3162,2.13
338,"Vasey RSL Care, Brighton East",,,
339,Mayflower Brighton - Residential Aged Care,Calvary Health Care Bethlehem,476-482 Kooyong Road Kooyong VIC 3162,1.33
340,Menarock LIFE Highett (Rosehill),Sandringham & District Memorial Hospital,191-193 Bluff Road Sandringham VIC 3191,0.92
341,Abberfield Aged Care Facility,Sandringham & District Memorial Hospital,191-193 Bluff Road Sandringham VIC 3191,0.33
342,Mercy Place Fernhill,Sandringham & District Memorial Hospital,191-193 Bluff Road Sandringham VIC 3191,0.66
343,BlueCross Karinya Grove,Sandringham & District Memorial Hospital,191-193 Bluff Road Sandringham VIC 3191,0.67
344,Regis Sandringham,Sandringham & District Memorial Hospital,191-193 Bluff Road Sandringham VIC 3191,0.59
345,Fairway Bayside Aged Care,Sandringham & District Memorial Hospital,191-193 Bluff Road Sandringham VIC 3191,0.06
346,Cheltenham Manor,Kingston Centre,400 Warrigal Road Heatherton VIC 3202,1.36
347,Allambee Nursing Home Kingston Centre,Kingston Centre,400 Warrigal Road Heatherton VIC 3202,0.88
348,Arcare Cheltenham,Kingston Centre,400 Warrigal Road Heatherton VIC 3202,1.43
349,BlueCross Autumdale,Kingston Centre,400 Warrigal Road Heatherton VIC 3202,1.21
350,Mercy Place Corben,Kingston Centre,400 Warrigal Road Heatherton VIC 3202,2.26
351,Avonlea Aged Care,Kingston Centre,400 Warrigal Road Heatherton VIC 3202,1.95
352,Mercy Place Mordialloc,Kingston Centre,400 Warrigal Road Heatherton VIC 3202,2.26
353,Parkdale Aged Care,Kingston Centre,400 Warrigal Road Heatherton VIC 3202,2.79
354,BlueCross Elly Kay,Kingston Centre,400 Warrigal Road Heatherton VIC 3202,2.98
355,Mercy Place Nixon,Kingston Centre,400 Warrigal Road Heatherton VIC 3202,3.66
356,Bayside Aged Care,Kingston Centre,400 Warrigal Road Heatherton VIC 3202,3.49
357,Bonbeach Residential Care,Frankston Hospital,2 Hastings Road Frankston VIC 3199,5.78
358,Mercy Place Northcliffe,"Queen Elizabeth Centre, The",37-53 Thomas Street Thomas VIC 3174,6.02
359,BlueCross Gardenia,Frankston Hospital,2 Hastings Road Frankston VIC 3199,6.57
360,Bupa Edithvale,"Queen Elizabeth Centre, The",37-53 Thomas Street Thomas VIC 3174,5.94
361,Lifeview Argyle Court,Frankston Hospital,2 Hastings Road Frankston VIC 3199,6.57
362,Bupa Bonbeach,"Queen Elizabeth Centre, The",37-53 Thomas Street Thomas VIC 3174,6.18
363,BlueCross Chelsea Manor,"Queen Elizabeth Centre, The",37-53 Thomas Street Thomas VIC 3174,6.15
364,Baptcare Peninsula View Community,Golf Links Road Rehabilitation Centre,125 Market Road Frankston VIC 3199,0.81
365,"Vasey RSL Care, Frankston South",Frankston Hospital,2 Hastings Road Frankston VIC 3199,0.75
366,Baptist Village Baxter Lodge,Golf Links Road Rehabilitation Centre,125 Market Road Frankston VIC 3199,0.25
367,Regis Frankston,Frankston Hospital,2 Hastings Road Frankston VIC 3199,0.84
368,Benetas St Paul's Terrace,Frankston Hospital,2 Hastings Road Frankston VIC 3199,0.93
369,Frankston Nursing Home (Meracare),Frankston Hospital,2 Hastings Road Frankston VIC 3199,0.51
370,Forest Lodge Residential Aged Care,Frankston Hospital,2 Hastings Road Frankston VIC 3199,2.08
371,MiCare - Avondrust Lodge,Frankston Hospital,2 Hastings Road Frankston VIC 3199,3.39
372,Bayview Aged Care Facility,Frankston Hospital,2 Hastings Road Frankston VIC 3199,3.39
373,Sandhurst Aged Care,Frankston Hospital,2 Hastings Road Frankston VIC 3199,5.25
374,Carrum Downs Aged Care,Frankston Hospital,2 Hastings Road Frankston VIC 3199,4.57
375,Carrum Downs Nursing Home (Meracare),Frankston Hospital,2 Hastings Road Frankston VIC 3199,3.39
376,Estia Health Bentleigh,Calvary Health Care Bethlehem,476-482 Kooyong Road Kooyong VIC 3162,1.82
377,Claremont Terrace,,,
378,Emerald Hill Residence,The Alfred,55 Commercial Road Melbourne VIC 3004,1.24
379,Napier Street Aged Care Services,The Alfred,55 Commercial Road Melbourne VIC 3004,1.24
380,South Port Community Residential Home,The Alfred,55 Commercial Road Melbourne VIC 3004,1.36
381,Wintringham Hostel - Port Melbourne,The Alfred,55 Commercial Road Melbourne VIC 3004,2.66
382,Costa House - Karingal St Laurence (genU),McKellar Centre (Geelong),45-99 Ballarat Road Ballarat VIC 3215,7.42
383,Vonlea Manor,McKellar Centre (Geelong),45-99 Ballarat Road Ballarat VIC 3215,1.76
384,Baptcare Coasthaven Community,McKellar Centre (Geelong),45-99 Ballarat Road Ballarat VIC 3215,2.3
385,McKellar Centre,McKellar Centre (Geelong),45-99 Ballarat Road Ballarat VIC 3215,0.88
386,mecwacare Elstoft House,McKellar Centre (Geelong),45-99 Ballarat Road Ballarat VIC 3215,0.67
387,MACS - Home Care Services,McKellar Centre (Geelong),45-99 Ballarat Road Ballarat VIC 3215,0.76
388,Homestyle Belmont Grange,University Hospital Geelong,272-322 Ryrie Street Geelong VIC 3220,3.4
389,Mercy Place Rice Village,University Hospital Geelong,272-322 Ryrie Street Geelong VIC 3220,3.3
390,Bupa Barrabool,University Hospital Geelong,272-322 Ryrie Street Geelong VIC 3220,2.31
391,Estia Health Grovedale,University Hospital Geelong,272-322 Ryrie Street Geelong VIC 3220,4.08
392,LUSON The Vue,University Hospital Geelong,272-322 Ryrie Street Geelong VIC 3220,3.92
393,Balmoral Grove,University Hospital Geelong,272-322 Ryrie Street Geelong VIC 3220,3.66
394,The Belmont Residential Aged Care,University Hospital Geelong,272-322 Ryrie Street Geelong VIC 3220,2.71
395,"Uniting AgeWell Kalkee Community, Murray",University Hospital Geelong,272-322 Ryrie Street Geelong VIC 3220,2.29
396,Opal South Valley,University Hospital Geelong,272-322 Ryrie Street Geelong VIC 3220,3.34
397,"Uniting AgeWell Kalkee Community, Nangatta",University Hospital Geelong,272-322 Ryrie Street Geelong VIC 3220,2.71
398,Alan David Lodge,University Hospital Geelong,272-322 Ryrie Street Geelong VIC 3220,3.17
399,Warralily Gardens,University Hospital Geelong,272-322 Ryrie Street Geelong VIC 3220,5.67
400,Tannoch Brae Aged Care,University Hospital Geelong,272-322 Ryrie Street Geelong VIC 3220,2.86
401,Luson - Eden Park,University Hospital Geelong,272-322 Ryrie Street Geelong VIC 3220,2.23
402,Roccoco Aged Care Facility,University Hospital Geelong,272-322 Ryrie Street Geelong VIC 3220,2.86
403,Drysdale Grove,University Hospital Geelong,272-322 Ryrie Street Geelong VIC 3220,10.78
404,Homestead Estate,University Hospital Geelong,272-322 Ryrie Street Geelong VIC 3220,10.44
405,Arcare Portarlingon,University Hospital Geelong,272-322 Ryrie Street Geelong VIC 3220,16.12
406,Homestyle Kensington Grange,University Hospital Geelong,272-322 Ryrie Street Geelong VIC 3220,5.97
407,Bupa Bellarine Lakes,University Hospital Geelong,272-322 Ryrie Street Geelong VIC 3220,3.9
408,Estia Health Leopold,University Hospital Geelong,272-322 Ryrie Street Geelong VIC 3220,6.25
409,Arcare Point Lonsdale,University Hospital Geelong,272-322 Ryrie Street Geelong VIC 3220,15.57
410,Homestyle Sea Views Manor,University Hospital Geelong,272-322 Ryrie Street Geelong VIC 3220,12.34
411,Ocean Mist Aged Care,University Hospital Geelong,272-322 Ryrie Street Geelong VIC 3220,12.37
412,VMCH Star Of The Sea,University Hospital Geelong,272-322 Ryrie Street Geelong VIC 3220,11.66
413,Elouera Aged Care Centre,University Hospital Geelong,272-322 Ryrie Street Geelong VIC 3220,12.29
414,Anglesea Residential Aged Care Facility,Lorne Community Hospital,1 Albert Street Lorne VIC 3232,14.58
415,Great Ocean Road Health - Lorne Nursing Home,Lorne Community Hospital,1 Albert Street Lorne VIC 3232,0.07
416,Residential Aged Care - Multipurpose Service,Otway Health,75 Mclachlan Street Mclachlan VIC 3233,0.03
417,Hesse Rural Health Nursing Home,Hesse Rural Health Service (Winchelsea),8 Gosney Street Winchelsea VIC 3241,0.03
418,Corangamarah,Colac Area Health,12 Connor Street Colac VIC 3250,0.04
419,Barongarook Gardens,Colac Area Health,12 Connor Street Colac VIC 3250,0.12
420,Mercy Place Colac,Colac Area Health,12 Connor Street Colac VIC 3250,0.48
421,Merindah Lodge Aged Care Facility,South West Healthcare (Camperdown),9 Robinson Street Camperdown VIC 3260,0.06
422,Sunnyside House Inc,South West Healthcare (Camperdown),9 Robinson Street Camperdown VIC 3260,0.77
423,Mount View Aged Care Facility,Terang and Mortlake Health Service (Terang),13 Austin Avenue Terang VIC 3264,0.02
424,May Noonan Centre by Lyndoch Living,Terang and Mortlake Health Service (Terang),13 Austin Avenue Terang VIC 3264,1.09
425,Heytesbury Lodge & Lovely Banks Residential Care,South West Healthcare (Camperdown),9 Robinson Street Camperdown VIC 3260,7.11
426,Timboon & District Healthcare Service,Timboon and District Healthcare Service,21 Hospital Road Timboon VIC 3268,0.05
427,Aberlea,Terang and Mortlake Health Service (Terang),13 Austin Avenue Terang VIC 3264,12.07
428,Opal Gillin Park,South West Healthcare (Warrnambool),25 Ryot Street Warrnambool VIC 3280,3.02
429,Opal Warrnambool,South West Healthcare (Warrnambool),25 Ryot Street Warrnambool VIC 3280,2.6
430,Lyndoch Living - Residential Care,South West Healthcare (Warrnambool),25 Ryot Street Warrnambool VIC 3280,2.06
431,Mercy Place Warrnambool,South West Healthcare (Warrnambool),25 Ryot Street Warrnambool VIC 3280,0.76
432,Moyne Health Services-Belfast House,Moyne Health Services (Port Fairy),32 Villiers Street Villiers VIC 3284,0.42
433,Moyne Health Services-Moyneyana House,Moyne Health Services (Port Fairy),32 Villiers Street Villiers VIC 3284,0.1
434,Penshurst Nursing Home,Penshurst & District Memorial Hospital,146 Cobb Street Penshurst VIC 3289,0.26
435,Kolor Lodge Hostel,Penshurst & District Memorial Hospital,146 Cobb Street Penshurst VIC 3289,0.26
436,Grange Residential Care Services,Hamilton Base Hospital,20 Foster Street Hamilton VIC 3300,0.22
437,The Birches,Hamilton Base Hospital,20 Foster Street Hamilton VIC 3300,0.08
438,Eventide Lutheran Homes,Hamilton Base Hospital,20 Foster Street Hamilton VIC 3300,0.37
439,Heywood Nursing Home,Heywood Rural Health,21 Barclay Street Heywood VIC 3304,0.03
440,Bupa Portland,Portland District Health,141-151 Bentinck Street Portland VIC 3305,0.98
441,Harbourside Lodge,Portland District Health,141-151 Bentinck Street Portland VIC 3305,0.36
442,Casterton Memorial Hospital Nursing Home - Glenelg House,Casterton Memorial Hospital,63 Russell Street Casterton VIC 3311,0.03
443,Edgarley Home,Casterton Memorial Hospital,63 Russell Street Casterton VIC 3311,0.71
444,Wannon Court Hostel,Western District Health Service (Coleraine),71 Mcleod Street Coleraine VIC 3315,0.11
445,Valley View Nursing Home,Western District Health Service (Coleraine),71 Mcleod Street Coleraine VIC 3315,0.05
446,The Lakes Hostel,Edenhope & District Hospital,124-134 Elizabeth Street Edenhope VIC 3318,0.33
447,Kowree Nursing Home Unit,Edenhope & District Hospital,124-134 Elizabeth Street Edenhope VIC 3318,0.4
448,Estia Health Bannockburn,McKellar Centre (Geelong),45-99 Ballarat Road Ballarat VIC 3215,10.28
449,Willowbrae - Melton,Melton Health,195-209 Barries Road Barries VIC 3337,2.21
450,Sutton Park Aged Care,Melton Health,195-209 Barries Road Barries VIC 3337,2.19
451,Estia Health Melton South,Melton Health,195-209 Barries Road Barries VIC 3337,1.16
452,VMCH Providence,Djerriwarrh Health Services (Bacchus Marsh),29-35 Grant Street Grant VIC 3340,0.63
453,Royal Freemasons Bacchus Marsh,Djerriwarrh Health Services (Bacchus Marsh),29-35 Grant Street Grant VIC 3340,1.37
454,Grant Lodge Aged Care Facility,Djerriwarrh Health Services (Bacchus Marsh),29-35 Grant Street Grant VIC 3340,0.05
455,Ballan Hostel,Djerriwarrh Health Services (Bacchus Marsh),29-35 Grant Street Grant VIC 3340,12.56
456,Ballan Nursing Home,Djerriwarrh Health Services (Bacchus Marsh),29-35 Grant Street Grant VIC 3340,12.73
457,Eureka Village Hostel,Ballarat Hospital,1 Drummond Street Drummond VIC 3350,2.3
458,Bill Crawford Lodge,Ballarat Hospital,1 Drummond Street Drummond VIC 3350,0.52
459,Talbot Place Aged Care Facility,Ballarat Hospital,1 Drummond Street Drummond VIC 3350,0.52
460,Queen Elizabeth Centre (Steele Haughton Unit),"Queen Elizabeth Centre, The (Ballarat QEC)",102 Ascot Street Ascot VIC 3350,0.04
461,Kirralee,Ballarat Hospital,1 Drummond Street Drummond VIC 3350,0.77
462,Mt Clear,"Queen Elizabeth Centre, The (Ballarat QEC)",102 Ascot Street Ascot VIC 3350,2.97
463,Royal Freemasons Ballarat,Ballarat Hospital,1 Drummond Street Drummond VIC 3350,2.56
464,Mercy Place Ballarat,Ballarat Hospital,1 Drummond Street Drummond VIC 3350,1.37
465,Geoffrey Cutter Centre,Ballarat Hospital,1 Drummond Street Drummond VIC 3350,2.35
466,Hailey House Hostel,Ballarat Hospital,1 Drummond Street Drummond VIC 3350,1.77
467,Nazareth House Ballarat,Ballarat Hospital,1 Drummond Street Drummond VIC 3350,0.33
468,Kelaston,Ballarat Hospital,1 Drummond Street Drummond VIC 3350,1.97
469,Queen Elizabeth Village Hostel (W.B. Messer),Ballarat Hospital,1 Drummond Street Drummond VIC 3350,2.11
470,P.S. Hobson Nursing Home,,,
471,Jack Lonsdale Lodge,"Queen Elizabeth Centre, The (Ballarat QEC)",102 Ascot Street Ascot VIC 3350,1.75
472,James Thomas Court,"Queen Elizabeth Centre, The (Ballarat QEC)",102 Ascot Street Ascot VIC 3350,2.93
473,Bupa Ballarat,"Queen Elizabeth Centre, The (Ballarat QEC)",102 Ascot Street Ascot VIC 3350,2.62
474,Skipton Nursing Home,Beaufort & Skipton Health Service (Skipton),2 Blake Street Skipton VIC 3361,0.33
475,John Curtin Aged Care,Creswick District Hospital,1 Napier Street Creswick VIC 3363,0.17
476,Creswick Nursing Home,Creswick District Hospital,1 Napier Street Creswick VIC 3363,0.37
477,Beaufort Hostel,Beaufort & Skipton Health Service (Beaufort),24-28 Havelock Street Beaufort VIC 3373,0.03
478,Beaufort Nursing Home,Beaufort & Skipton Health Service (Beaufort),24-28 Havelock Street Beaufort VIC 3373,0.08
479,70 Lowe Street,East Grampians Health Service (Ararat),9-29 Girdlestone Street Ararat VIC 3377,0.08
480,Garden View Court Hostel,East Grampians Health Service (Ararat),9-29 Girdlestone Street Ararat VIC 3377,0.08
481,Gorrinn House Hostel,East Grampians Health Service (Ararat),9-29 Girdlestone Street Ararat VIC 3377,0.59
482,Parkland House Hostel,East Grampians Health Service (Willaura),21 Delacombe Way Willaura VIC 3379,1.39
483,Macpherson Smith Residential Care,Stawell Regional Health,27-29 Sloane Street Stawell VIC 3380,0.23
484,Eventide Homes Stawell Inc,Stawell Regional Health,27-29 Sloane Street Stawell VIC 3380,0.34
485,Rupanyup District Nursing Home,West Wimmera Health Service (Rupanyup),89-91 Cromie Street Rupanyup VIC 3388,0.02
486,Dunmunkle Lodge Inc,West Wimmera Health Service (Rupanyup),89-91 Cromie Street Rupanyup VIC 3388,12.52
487,Yarriambiack Lodge Hostel,Rural Northwest Health (Warracknabeal),18 Dimboola Road Warracknabeal VIC 3393,0.03
488,Hopetoun Nursing Home,Rural Northwest Health (Hopetoun),12 Mitchell Place Hopetoun VIC 3396,0.05
489,Wimmera Nursing Home,Wimmera Base Hospital (Horsham),83 Baillie Street Horsham VIC 3400,0.55
490,Sunnyside Lutheran Retirement Village,Wimmera Base Hospital (Horsham),83 Baillie Street Horsham VIC 3400,0.44
491,Kurrajong Lodge,Wimmera Base Hospital (Horsham),83 Baillie Street Horsham VIC 3400,0.33
492,Natimuk BNH-Nursing Home Annexe,Wimmera Base Hospital (Horsham),83 Baillie Street Horsham VIC 3400,15.27
493,Allambi Elderly Peoples Home,Wimmera Base Hospital (Dimboola),32 Anderson Street Dimboola VIC 3414,0.22
494,Dimboola District Hospital Nursing Home Unit,Wimmera Base Hospital (Dimboola),32 Anderson Street Dimboola VIC 3414,0.22
495,Iona Digby Harris Home,West Wimmera Health Service (Nhill),51 Nelson Street Nhill VIC 3418,0.38
496,Avonlea Hostel,West Wimmera Health Service (Nhill),51 Nelson Street Nhill VIC 3418,0.09
497,Kaniva Hostel,West Wimmera Health Service (Kaniva),1-7 Roache Street Kaniva VIC 3419,0.63
498,Archie Gray Nursing Home Unit,West Wimmera Health Service (Kaniva),1-7 Roache Street Kaniva VIC 3419,0.09
499,Jeparit & District Nursing Home,West Wimmera Health Service (Jeparit),2 Charles Street Jeparit VIC 3423,0.28
500,Rainbow Bush Nursing Hospital Hostel,West Wimmera Health Service (Rainbow),2 Swinbourne Avenue Rainbow VIC 3424,0.04
501,Rainbow Bush Nursing Home Annexe,West Wimmera Health Service (Rainbow),2 Swinbourne Avenue Rainbow VIC 3424,0.03
502,Goonawarra Aged Care Facility,Sunbury Day Hospital,7 Macedon Street Sunbury VIC 3429,0.86
503,Riddell Gardens Aged Care,Sunbury Day Hospital,7 Macedon Street Sunbury VIC 3429,1.41
504,Gisborne Oaks,Sunbury Day Hospital,7 Macedon Street Sunbury VIC 3429,10.0
505,Warrina Aged Care,Sunbury Day Hospital,7 Macedon Street Sunbury VIC 3429,10.55
506,Bupa Woodend,Kyneton District Health Service,7-25 Fenaughty Drive Kyneton VIC 3444,8.77
507,Bupa Kyneton,Kyneton District Health Service,7-25 Fenaughty Drive Kyneton VIC 3444,0.8
508,R. M. Begg Kyneton Aged Care,Kyneton District Health Service,7-25 Fenaughty Drive Kyneton VIC 3444,0.59
509,Castlemaine Health - Residential Aged Care,Castlemaine Health,142 Cornish Street Castlemaine VIC 3450,0.25
510,Trentham Nursing Home,Daylesford District Hospital,15 Hospital Street Daylesford VIC 3460,10.39
511,Daylesford Nursing Home,Daylesford District Hospital,15 Hospital Street Daylesford VIC 3460,0.03
512,Hepburn House,Daylesford District Hospital,15 Hospital Street Daylesford VIC 3460,0.73
513,Maldon Hospital - Mountview Nursing Home,Maldon Hospital,1 Chapel Street Maldon VIC 3463,0.1
514,Havilah Hostel,Maryborough District Health Service (Maryborough),75 Clarendon Street Maryborough VIC 3465,0.5
515,Havilah on Palmerston,Maryborough District Health Service (Maryborough),75 Clarendon Street Maryborough VIC 3465,0.43
516,Wattle Rise,Maryborough District Health Service (Maryborough),75 Clarendon Street Maryborough VIC 3465,0.29
517,Avoca Nursing Home,Maryborough District Health Service (Maryborough),75 Clarendon Street Maryborough VIC 3465,15.24
518,Dunolly Nursing Home,Maryborough District Health Service (Dunolly),20 Havelock Street Dunolly VIC 3472,0.06
519,Kara Court Nursing Home,East Wimmera Health Service (St Arnaud),52 Aitken Road Aitken VIC 3478,0.32
520,Coates Hostel,East Wimmera Health Service (St Arnaud),52 Aitken Road Aitken VIC 3478,0.11
521,Johnson-Goodwin Memorial Homes,East Wimmera Health Service (Donald),1A Aitken Avenue Donald VIC 3480,0.29
522,Riverview Aged Care,East Wimmera Health Service (Donald),1A Aitken Avenue Donald VIC 3480,0.29
523,Birchip Nursing Home,East Wimmera Health Service (Birchip),24-26 Duncan Street Birchip VIC 3483,0.07
524,Mallee Track Health & Community Service - Ouyen,Mallee Track Health and Community Service (Ouyen),28 Britt Street Ouyen VIC 3490,0.13
525,Jacaranda Village,Mildura Base Hospital,216-240 Ontario Avenue Mildura VIC 3500,9.26
526,Oasis Aged Care,Mildura Base Hospital,216-240 Ontario Avenue Mildura VIC 3500,3.83
527,Regis Sunraysia,,,
528,Regis Ontario,,,
529,Bupa Mildura,Mildura Base Hospital,216-240 Ontario Avenue Mildura VIC 3500,0.86
530,Princes Court Homes Hostel,Mildura Base Hospital,216-240 Ontario Avenue Mildura VIC 3500,0.66
531,Chaffey Aged Care,Mildura Base Hospital,216-240 Ontario Avenue Mildura VIC 3500,4.98
532,Inglewood & Districts Health Service (Nursing Home),Inglewood and Districts Health Service,3 Hospital Street Inglewood VIC 3517,0.03
533,Heathcote Health Low Care Service,Heathcote Health,39-55 Hospital Street Heathcote VIC 3523,0.27
534,Charlton Aged Care,East Wimmera Health Service (Charlton),4 Learmonth Street Charlton VIC 3525,0.23
535,Grandview Lodge,East Wimmera Health Service (Wycheproof),19 Grandview Street Wycheproof VIC 3527,0.1
536,Mallee Track Health & Community Service - Sea Lake,Mallee Track Health & Community Service (Sea Lake),33-43 Mcclelland Avenue Mcclelland VIC 3533,0.11
537,Boort District Health Nursing Home,Boort District Health,31 Kiniry Street Boort VIC 3537,0.16
538,Boort District Health Hostel,Boort District Health,31 Kiniry Street Boort VIC 3537,0.16
539,Robinvale Multi-Purpose Service,"Robinvale District Health Services, Robinvale",128-132 Latje Road Robinvale VIC 3549,0.04
540,Riverside Campus Residential Aged Care,"Robinvale District Health Services, Robinvale",128-132 Latje Road Robinvale VIC 3549,0.19
541,Estia Health Victoria Heights,Bendigo Health (Anne Caudle),100A Barnard Street Bendigo VIC 3550,0.74
542,Bupa Bendigo,"Bendigo Hospital, The",62 Lucan Street Bendigo VIC 3550,1.04
543,Estia Health Bendigo,Bendigo Health (Anne Caudle),100A Barnard Street Bendigo VIC 3550,0.89
544,Simpkin House,Bendigo Health (Anne Caudle),100A Barnard Street Bendigo VIC 3550,0.54
545,Royal Freemasons Flora Hill,Bendigo Health (Anne Caudle),100A Barnard Street Bendigo VIC 3550,1.42
546,Gibson Street Complex,"Bendigo Hospital, The",62 Lucan Street Bendigo VIC 3550,1.33
547,Mirridong Residential Care,Bendigo Health (Anne Caudle),100A Barnard Street Bendigo VIC 3550,0.65
548,"Honeysuckle Regional Health, Bentley's Aged Care","Bendigo Hospital, The",62 Lucan Street Bendigo VIC 3550,1.26
549,Uniting AgeWell Strath-Haven Community,Bendigo Health (Anne Caudle),100A Barnard Street Bendigo VIC 3550,2.7
550,Golden Oaks Nursing Home,Bendigo Health (Anne Caudle),100A Barnard Street Bendigo VIC 3550,2.47
551,Benetas St Laurence Court Kangaroo Flat,Bendigo Health (Anne Caudle),100A Barnard Street Bendigo VIC 3550,4.11
552,Mercy Health Bethlehem Home for the Aged,Bendigo Health (Anne Caudle),100A Barnard Street Bendigo VIC 3550,2.05
553,Carshalton House Hostel,Bendigo Health (Anne Caudle),100A Barnard Street Bendigo VIC 3550,2.37
554,Royal Freemasons Bendigo,Bendigo Health (Anne Caudle),100A Barnard Street Bendigo VIC 3550,3.14
555,Benetas St Laurence Court Eaglehawk,Bendigo Health (Anne Caudle),100A Barnard Street Bendigo VIC 3550,2.36
556,Rochester and District Hostel,Rochester and Elmore District Health Service,1 Pascoe Street Rochester VIC 3561,0.16
557,Glanville Village,Echuca Regional Health,226 Service Street Echuca VIC 3564,0.36
558,Wharparilla Lodge,,,
559,Bupa Echuca,Echuca Regional Health,226 Service Street Echuca VIC 3564,1.3
560,Cohuna Retirement Village,Cohuna District Hospital,144-158 Broadway Street Cohuna VIC 3568,0.06
561,Cohuna District Nursing Home,Cohuna District Hospital,144-158 Broadway Street Cohuna VIC 3568,0.67
562,Glenarm Nursing Home,Kerang District Health,13-15 Burgoyne Street Kerang VIC 3579,0.1
563,Baptcare Northaven Community,Kerang District Health,13-15 Burgoyne Street Kerang VIC 3579,0.33
564,Logan Lodge (formally known as Swan Hill District Nursing Home),Swan Hill District Health (Swan Hill),50-54 Splatt Street Splatt VIC 3585,0.21
565,Alcheringa Hostel,Swan Hill District Health (Swan Hill),50-54 Splatt Street Splatt VIC 3585,1.35
566,Swan Hill District (Nyah Campus),Swan Hill District Health (Swan Hill),50-54 Splatt Street Splatt VIC 3585,16.2
567,Lakeview Lodge Hostel,Waranga Memorial Hospital,14 Coyle Street Rushworth VIC 3612,15.44
568,Waranga Nursing Home,Waranga Memorial Hospital,14 Coyle Street Rushworth VIC 3612,0.02
569,Waranga Aged Care Hostel,Waranga Memorial Hospital,14 Coyle Street Rushworth VIC 3612,0.45
570,Moyola Lodge Hostel,Tatura Public Hospital,64-68 Park Street Tatura VIC 3616,0.08
571,Parkvilla Aged Care Facility,Tatura Public Hospital,64-68 Park Street Tatura VIC 3616,0.03
572,Warramunda Village,Kyabram and District Health Services,86-96 Fenaughty Street Kyabram VIC 3620,0.09
573,Kyabram Nursing Home - Sheridan,Kyabram and District Health Services,86-96 Fenaughty Street Kyabram VIC 3620,0.07
574,Koraleigh Nursing Home,Kyabram and District Health Services,86-96 Fenaughty Street Kyabram VIC 3620,6.47
575,Rodney Park Residential Aged Care Service (Hakea Lodge),Shepparton Hospital,2-48 Graham Street Shepparton VIC 3630,3.36
576,Menarock LIFE Shepparton,Shepparton Hospital,2-48 Graham Street Shepparton VIC 3630,0.4
577,Harmony Village Aged Care Facility,Shepparton Hospital,2-48 Graham Street Shepparton VIC 3630,2.08
578,Maculata Place Residential Aged Care Service,Shepparton Hospital,2-48 Graham Street Shepparton VIC 3630,0.74
579,Acacia House Residential Aged Care Service,Shepparton Hospital,2-48 Graham Street Shepparton VIC 3630,0.82
580,Grutzner House,Shepparton Hospital,2-48 Graham Street Shepparton VIC 3630,0.1
581,Mercy Place Ave Maria (Shepparton),Shepparton Hospital,2-48 Graham Street Shepparton VIC 3630,0.1
582,Mercy Place Shepparton,Shepparton Hospital,2-48 Graham Street Shepparton VIC 3630,1.32
583,Banksia Lodge Residential Aged Care Service,Shepparton Hospital,2-48 Graham Street Shepparton VIC 3630,4.18
584,Karinya NCN Health Numurkah,Numurkah District Health Service,2 Katamatite-nathalia Road Numurkah VIC 3636,0.04
585,Numurkah Pioneers Memorial Lodge,Numurkah District Health Service,2 Katamatite-nathalia Road Numurkah VIC 3636,0.06
586,Barwo Homestead,Nathalia District Hospital,36-44 Mcdonell Street Nathalia VIC 3638,0.11
587,Banawah NCN Health Nathalia,Nathalia District Hospital,36-44 Mcdonell Street Nathalia VIC 3638,0.26
588,Irvin House NCN Health Cobram,Cobram District Health,24-32 Broadway Street Cobram VIC 3644,0.15
589,Ottrey Lodge,Cobram District Health,24-32 Broadway Street Cobram VIC 3644,0.49
590,Seymour Health Nursing Home- Barrabill House,,,
591,Karingal Seymour,Seymour Health,1 Bretonneux Street Seymour VIC 3660,0.04
592,GraniteHill Aged Care,Benalla Health,47-63 Coster Street Benalla VIC 3672,27.47
593,Honeysuckle Regional Health,Benalla Health,47-63 Coster Street Benalla VIC 3672,16.23
594,Estia Health Benalla Vic,Benalla Health,47-63 Coster Street Benalla VIC 3672,0.33
595,Cooinda Village Inc.,Benalla Health,47-63 Coster Street Benalla VIC 3672,0.18
596,Morrie Evans Wing Nursing Home,Benalla Health,47-63 Coster Street Benalla VIC 3672,0.07
597,Royal Freemasons Benalla,Benalla Health,47-63 Coster Street Benalla VIC 3672,0.96
598,St Catherine's Hostel Wangaratta Inc,Northeast Health Wangaratta,35-47 Green Street Wangaratta VIC 3677,0.35
599,Rangeview Private Nursing Home,Northeast Health Wangaratta,35-47 Green Street Wangaratta VIC 3677,1.63
600,St John's Nursing Hostel,Northeast Health Wangaratta,35-47 Green Street Wangaratta VIC 3677,0.79
601,Illoura - Residential Aged Care,Northeast Health Wangaratta,35-47 Green Street Wangaratta VIC 3677,1.06
602,Glenview Community Care Nursing Home,Northeast Health Wangaratta,35-47 Green Street Wangaratta VIC 3677,22.64
603,Bupa Wodonga,Albury Wodonga Health (Wodonga),53-81 Vermont Street Wodonga VIC 3690,1.76
604,Estia Health Wodonga,Albury Wodonga Health (Wodonga),53-81 Vermont Street Wodonga VIC 3690,0.98
605,Westmont Homestead,Albury Wodonga Health (Wodonga),53-81 Vermont Street Wodonga VIC 3690,5.48
606,Lakeview Nursing Home,Tallangatta Health Service,25 Barree Street Tallangatta VIC 3700,0.18
607,Bolga Court Hostel,Tallangatta Health Service,25 Barree Street Tallangatta VIC 3700,0.14
608,Corryong Health,Upper Murray Health and Community Services (Corryong),16-20 Kiell Street Corryong VIC 3707,0.08
609,Darlingford Upper Goulburn Nursing Home,Alexandra District Hospital,12 Cooper Street Alexandra VIC 3714,10.79
610,Kellock Lodge Alexandra Inc,Alexandra District Hospital,12 Cooper Street Alexandra VIC 3714,0.67
611,Rosebank Hostel,Yea and District Memorial Hospital,45 Station Street Yea VIC 3717,0.06
612,Rosebank Nursing Home,Yea and District Memorial Hospital,45 Station Street Yea VIC 3717,0.37
613,Buckland House Nursing Home,Mansfield District Hospital,51-53 Highett Street Mansfield VIC 3722,0.06
614,Allawah Special Care Hostel,Yarrawonga Health,33 Piper Street Yarrawonga VIC 3730,0.42
615,Karana,Yarrawonga Health,33 Piper Street Yarrawonga VIC 3730,0.42
616,Woods Point Aged Care,Yarrawonga Health,33 Piper Street Yarrawonga VIC 3730,0.38
617,Warrina Hostel,Yarrawonga Health,33 Piper Street Yarrawonga VIC 3730,0.39
618,Myrtleford Lodge Aged Care,Alpine Health (Myrtleford),30-32 Odonnell Avenue Myrtleford VIC 3737,0.48
619,"Alpine Health Multi-Purpose Service - Bright, Mount Beauty and Myrtleford",Alpine Health (Bright),36-42 Cobden Street Bright VIC 3741,0.32
620,Beechworth Health Service Residential Care Program,Beechworth Health Service,52 Sydney Road Beechworth VIC 3747,0.03
621,Yackandandah Health,Beechworth Health Service,52 Sydney Road Beechworth VIC 3747,9.02
622,Bupa South Morang,Bundoora Extended Care Centre,1231 Plenty Road Bundoora VIC 3083,3.68
623,Estia Health Plenty Valley,Bundoora Extended Care Centre,1231 Plenty Road Bundoora VIC 3083,3.73
624,San Carlo Homes for the Aged,Bundoora Extended Care Centre,1231 Plenty Road Bundoora VIC 3083,3.73
625,Estia Health South Morang - Heritage Lakes,Bundoora Extended Care Centre,1231 Plenty Road Bundoora VIC 3083,3.73
626,Whittlesea Lodge,The Northern Hospital,185 Cooper Street Epping VIC 3076,11.34
627,Sunlight Residential Aged Care,The Northern Hospital,185 Cooper Street Epping VIC 3076,11.19
628,Caladenia Nursing Home,Kilmore and District Hospital,1 Anderson Road Kilmore VIC 3764,0.54
629,BlueCross Willowmeade,Kilmore and District Hospital,1 Anderson Road Kilmore VIC 3764,0.64
630,Mercy Place Montrose (Nursing Home),Yarra Ranges Health,25 Market Street Lilydale VIC 3140,3.93
631,Holmwood Aged Care,Healesville and District Hospital,377 Maroondah Highway Healesville VIC 3777,1.22
632,Monda Lodge Hostel,Healesville and District Hospital,377 Maroondah Highway Healesville VIC 3777,0.16
633,Aurrum Healesville,Healesville and District Hospital,377 Maroondah Highway Healesville VIC 3777,1.45
634,Lifeview Emerald Glades,Angliss Hospital,39 Albert Street Albert VIC 3156,7.47
635,Estia Health Yarra Valley,Healesville and District Hospital,377 Maroondah Highway Healesville VIC 3777,10.86
636,AdventCare Yarra Ranges,Healesville and District Hospital,377 Maroondah Highway Healesville VIC 3777,12.02
637,Viewhills Manor,Dandenong Hospital,135 David Street Dandenong VIC 3175,1.12
638,Homewood Residential Aged Care,Dandenong Hospital,135 David Street Dandenong VIC 3175,3.68
639,Hallam Residential Care,Dandenong Hospital,135 David Street Dandenong VIC 3175,3.61
640,Bupa Berwick,Casey Hospital,62-70 Kangan Drive Berwick VIC 3806,3.97
641,St Jude's Aged Care Facility,Casey Hospital,62-70 Kangan Drive Berwick VIC 3806,4.24
642,Coptic Village Hostel,,,
643,Casey Manor Aged Care,Casey Hospital,62-70 Kangan Drive Berwick VIC 3806,3.36
644,Casey Aged Care,Casey Hospital,62-70 Kangan Drive Berwick VIC 3806,2.08
645,Homestyle Melville Grange,Casey Hospital,62-70 Kangan Drive Berwick VIC 3806,0.27
646,CraigCare Berwick,Casey Hospital,62-70 Kangan Drive Berwick VIC 3806,1.51
647,VMCH Berwick,Casey Hospital,62-70 Kangan Drive Berwick VIC 3806,1.64
648,Menarock LIFE Upper Beaconsfield (Salisbury House),Casey Hospital,62-70 Kangan Drive Berwick VIC 3806,4.43
649,Millhaven Lodge,Casey Hospital,62-70 Kangan Drive Berwick VIC 3806,6.58
650,VMCH Shanagolden,Casey Hospital,62-70 Kangan Drive Berwick VIC 3806,7.51
651,Menarock LIFE Pakenham (McGregor Gardens),Casey Hospital,62-70 Kangan Drive Berwick VIC 3806,7.29
652,Hillview Bunyip Aged Care Inc,West Gippsland Healthcare Group (Warragul),41 Landsborough Street Warragul VIC 3820,12.46
653,Lyrebird Village for the Aged,West Gippsland Healthcare Group (Warragul),41 Landsborough Street Warragul VIC 3820,4.33
654,Baptcare Amberlea Community,West Gippsland Healthcare Group (Warragul),41 Landsborough Street Warragul VIC 3820,4.57
655,Baptcare Abbey Gardens Community,West Gippsland Healthcare Group (Warragul),41 Landsborough Street Warragul VIC 3820,1.42
656,Cooinda Lodge Nursing Home,West Gippsland Healthcare Group (Warragul),41 Landsborough Street Warragul VIC 3820,0.19
657,Fairview Village,West Gippsland Healthcare Group (Warragul),41 Landsborough Street Warragul VIC 3820,0.17
658,Andrews House,West Gippsland Healthcare Group (Warragul),41 Landsborough Street Warragul VIC 3820,12.93
659,Narracan Gardens Aged Care Facility,Latrobe Regional Hospital,10 Village Avenue Traralgon VIC 3844,11.03
660,Royal Freemasons Moe,Latrobe Regional Hospital,10 Village Avenue Traralgon VIC 3844,11.83
661,Latrobe Valley Village Hostel,Latrobe Regional Hospital,10 Village Avenue Traralgon VIC 3844,10.85
662,Tarago Views Aged Care,,,
663,Baptcare Heritage Manor Community,Latrobe Regional Hospital,10 Village Avenue Traralgon VIC 3844,3.14
664,Baptcare St Hilary's Community,Latrobe Regional Hospital,10 Village Avenue Traralgon VIC 3844,3.96
665,Mitchell House Hostel,Latrobe Regional Hospital,10 Village Avenue Traralgon VIC 3844,2.86
666,Benetas Dalkeith Gardens,Latrobe Regional Hospital,10 Village Avenue Traralgon VIC 3844,2.83
667,mecwacare O'Mara House,Latrobe Regional Hospital,10 Village Avenue Traralgon VIC 3844,4.26
668,Bupa Traralgon,Latrobe Regional Hospital,10 Village Avenue Traralgon VIC 3844,4.79
669,Traralgon Aged Care,Latrobe Regional Hospital,10 Village Avenue Traralgon VIC 3844,4.64
670,Margery Cole Residential Care Service,Latrobe Regional Hospital,10 Village Avenue Traralgon VIC 3844,4.52
671,Latrobe Regional Hospital Nursing Home,Latrobe Regional Hospital,10 Village Avenue Traralgon VIC 3844,0.14
672,Wilson Lodge,Central Gippsland Health Service (Sale),155 Guthridge Parade Sale VIC 3850,0.06
673,Ashleigh House Hostel,Central Gippsland Health Service (Sale),155 Guthridge Parade Sale VIC 3850,0.26
674,Royal Freemasons Sale,Central Gippsland Health Service (Sale),155 Guthridge Parade Sale VIC 3850,2.12
675,Opal Sale,,,
676,Laurina Lodge Hostel,Central Gippsland Health Service (Maffra),42-48 Kent Street Maffra VIC 3860,10.96
677,Stretton Park Hostel,Central Gippsland Health Service (Maffra),42-48 Kent Street Maffra VIC 3860,0.38
678,J.H.F. McDonald Wing Nursing Home,Central Gippsland Health Service (Maffra),42-48 Kent Street Maffra VIC 3860,0.13
679,Strzelecki House,Gippsland Southern Health Service (Leongatha),64 Koonwarra Road Leongatha VIC 3953,12.56
680,Bairnsdale Regional Health Service ( Maddocks Gardens),Bairnsdale Regional Health Service,122 Day Street Bairnsdale VIC 3875,0.12
681,Sutherland Lodge,Bairnsdale Regional Health Service,122 Day Street Bairnsdale VIC 3875,0.12
682,Bupa Eastwood,Bairnsdale Regional Health Service,122 Day Street Bairnsdale VIC 3875,2.12
683,Opal Bairnsdale,Bairnsdale Regional Health Service,122 Day Street Bairnsdale VIC 3875,0.78
684,Opal Paynesville,Bairnsdale Regional Health Service,122 Day Street Bairnsdale VIC 3875,8.27
685,"ORH -Residential Aged Care - Waratah Lodge (high care), Lochiel House (low care), respite care & TCP",Orbost Regional Health,104 Boundary Road Orbost VIC 3888,0.05
686,Omeo District Health,Omeo District Health,10 Easton Street Omeo VIC 3898,0.08
687,Opal Lakeview,Bairnsdale Regional Health Service,122 Day Street Bairnsdale VIC 3875,21.23
688,Lakes Entrance Aged Care Facility,Bairnsdale Regional Health Service,122 Day Street Bairnsdale VIC 3875,19.63
689,Opal Somerville,Golf Links Road Rehabilitation Centre,125 Market Road Frankston VIC 3199,3.63
690,The Bays Aged Care,Golf Links Road Rehabilitation Centre,125 Market Road Frankston VIC 3199,9.03
691,mecwacare Annie's Court,Rosebud Hospital,1527 Pascoe Road Pascoe VIC 3940,10.03
692,Banfields Aged Care,The Mornington Centre,24 Separation Street Mornington VIC 3931,19.11
693,Melaleuca Aged Care,The Mornington Centre,24 Separation Street Mornington VIC 3931,18.93
694,BlueCross Grossard Court,The Mornington Centre,24 Separation Street Mornington VIC 3931,18.96
695,Griffiths Point Lodge Hostel,Bass Coast Health,235 Graham Street Wonthaggi VIC 3995,12.91
696,Ranelagh Gardens,Frankston Hospital,2 Hastings Road Frankston VIC 3199,2.61
697,George Vowell,The Mornington Centre,24 Separation Street Mornington VIC 3931,2.58
698,Village Glen Aged Care Residences - Mornington,The Mornington Centre,24 Separation Street Mornington VIC 3931,0.71
699,Australian Unity Peninsula Grange Aged Care,The Mornington Centre,24 Separation Street Mornington VIC 3931,1.45
700,mecwacare Park Hill,The Mornington Centre,24 Separation Street Mornington VIC 3931,1.16
701,Andrew Kerr Care Ltd - Residential,The Mornington Centre,24 Separation Street Mornington VIC 3931,0.72
702,Australian Unity Racecourse Grange Aged Care,The Mornington Centre,24 Separation Street Mornington VIC 3931,1.66
703,Benetas Corowa Court,The Mornington Centre,24 Separation Street Mornington VIC 3931,1.01
704,Bentons Lodge - Residential Aged Service,The Mornington Centre,24 Separation Street Mornington VIC 3931,1.03
705,Opal By The Bay,The Mornington Centre,24 Separation Street Mornington VIC 3931,1.73
706,CraigCare Mornington,The Mornington Centre,24 Separation Street Mornington VIC 3931,2.18
707,Royal Freemasons Mount Martha Valley,Rosebud Hospital,1527 Pascoe Road Pascoe VIC 3940,5.9
708,mecwacare Calwell Manor,Rosebud Hospital,1527 Pascoe Road Pascoe VIC 3940,5.9
709,Rosebrook Aged Care,Rosebud Hospital,1527 Pascoe Road Pascoe VIC 3940,2.07
710,Mercy Place Rosebud,Rosebud Hospital,1527 Pascoe Road Pascoe VIC 3940,0.45
711,Carinya Nursing Home (Frankston Extended Care),Rosebud Hospital,1527 Pascoe Road Pascoe VIC 3940,0.61
712,Village Glen Aged Care Residences - Capel Sound,Rosebud Hospital,1527 Pascoe Road Pascoe VIC 3940,0.61
713,Capel Sands,Rosebud Hospital,1527 Pascoe Road Pascoe VIC 3940,0.47
714,Regis Rosebud,Rosebud Hospital,1527 Pascoe Road Pascoe VIC 3940,0.63
715,Rye Sands,Rosebud Hospital,1527 Pascoe Road Pascoe VIC 3940,3.23
716,Alchera House,Gippsland Southern Health Service (Korumburra),65-77 Bridge Street Korumburra VIC 3950,0.27
717,Carinya Lodge Homes,Gippsland Southern Health Service (Korumburra),65-77 Bridge Street Korumburra VIC 3950,1.09
718,Woorayl Lodge Inc,Gippsland Southern Health Service (Leongatha),64 Koonwarra Road Leongatha VIC 3953,0.77
719,Koorooman House Nursing Home,Gippsland Southern Health Service (Leongatha),64 Koonwarra Road Leongatha VIC 3953,0.06
720,Prom Country House,South Gippsland Hospital (Foster),83 Station Road Foster VIC 3960,0.11
721,Crossley House Hostel Inc,Yarram and District Health Service,85-91 Commercial Road Yarram VIC 3971,0.28
722,St Elmo's Nursing Home,Yarram and District Health Service,85-91 Commercial Road Yarram VIC 3971,0.01
723,Mercy Place Lynbrook,Cranbourne Integrated Care Centre,140-154 Sladen Street Cranbourne VIC 3977,3.87
724,Lynbrook Park Aged Care,Casey Hospital,62-70 Kangan Drive Berwick VIC 3806,4.75
725,Regis Cranbourne,Cranbourne Integrated Care Centre,140-154 Sladen Street Cranbourne VIC 3977,1.69
726,Lifeview Willow Wood,Cranbourne Integrated Care Centre,140-154 Sladen Street Cranbourne VIC 3977,0.8
727,Homestyle Langford Grange,Cranbourne Integrated Care Centre,140-154 Sladen Street Cranbourne VIC 3977,0.59
728,Koo Wee Rup Regional Health Service Killara Hostel-,Kooweerup Regional Health Service,215 Rossiter Road Rossiter VIC 3981,0.03
729,Koo Wee Rup Regional Health Service Social Work,Kooweerup Regional Health Service,215 Rossiter Road Rossiter VIC 3981,0.89
730,Rose Lodge,Bass Coast Health,235 Graham Street Wonthaggi VIC 3995,0.7
731,Kirrak House,,,
732,Opal Seahaven,Bass Coast Health,235 Graham Street Wonthaggi VIC 3995,7.52
